{"name":"9d118fcd-090c-4a96-b95f-7cf54d22d7cf","id":"/providers/Microsoft.Flow/flows/9d118fcd-090c-4a96-b95f-7cf54d22d7cf","type":"Microsoft.Flow/flows","properties":{"apiId":"/providers/Microsoft.PowerApps/apis/shared_logicflows","displayName":"Automação para criação do porftolio v2 - PRODUÇÃO","definition":{"metadata":{"workflowEntityId":null,"processAdvisorMetadata":null,"flowChargedByPaygo":null,"flowclientsuspensionreason":"None","flowclientsuspensiontime":null,"flowclientsuspensionreasondetails":null,"creator":{"id":"1fe281b5-06d8-4a75-ad86-adad15703d00","type":"User","tenantId":"88af54ad-8e90-4d56-b613-6e5bf824ab6b"},"provisioningMethod":"FromDefinition","failureAlertSubscription":true,"clientLastModifiedTime":"2025-04-11T20:00:24.6252817Z","connectionKeySavedTimeKey":"2025-04-11T20:00:24.6252817Z","creationSource":"Portal","modifiedSources":"Portal"},"$schema":"https://schema.management.azure.com/providers/Microsoft.Logic/schemas/2016-06-01/workflowdefinition.json#","contentVersion":"1.0.0.0","parameters":{"$authentication":{"defaultValue":{},"type":"SecureObject"},"$connections":{"defaultValue":{},"type":"Object"}},"triggers":{"manual":{"type":"Request","kind":"Button","inputs":{"schema":{"type":"object","properties":{},"required":[]}}}},"actions":{"Itinerarios":{"runAfter":{"Modalidades_extendido":["Succeeded"]},"type":"Compose","inputs":["Infraestrutura de Informação e Comunicação","Desenvolvimento de Sistemas","Gestão e Segurança"]},"Aplicar_a_cada_itinerario":{"foreach":"@outputs('Itinerarios')","actions":{"Itinerario":{"runAfter":{"Obter_conteúdo_de_arquivo_etapa_itinerario":["Succeeded"]},"type":"Compose","inputs":"@items('Aplicar_a_cada_itinerario')"},"Aplicar_a_cada_modalidade":{"foreach":"@outputs('Modalidades')","actions":{"Modalidade":{"runAfter":{"Obter_conteúdo_de_arquivo_etapa_modalidade":["Succeeded"]},"type":"Compose","inputs":"@items('Aplicar_a_cada_modalidade')"},"Aplicar_a_cada_curso":{"foreach":"@outputs('Obter_cursos_ativos')?['body/value']","actions":{"Obter_conteúdo_de_arquivo_etapa_curso":{"type":"OpenApiConnection","inputs":{"parameters":{"dataset":"https://sistemafibra.sharepoint.com/sites/TecnologiadaInformao","id":"@outputs('Criar_arquivo_portfolio')?['body/Id']","inferContentType":true},"host":{"apiId":"/providers/Microsoft.PowerApps/apis/shared_sharepointonline","connectionName":"shared_sharepointonline","operationId":"GetFileContent"},"authentication":{"value":"@json(decodeBase64(triggerOutputs().headers['X-MS-APIM-Tokens']))['$ConnectionKey']","type":"Raw"}}},"Atualizar_arquivo_etapa_curso":{"runAfter":{"Obter_conteúdo_de_arquivo_etapa_curso":["Succeeded"]},"type":"OpenApiConnection","inputs":{"parameters":{"dataset":"https://sistemafibra.sharepoint.com/sites/TecnologiadaInformao","id":"@outputs('Criar_arquivo_portfolio')?['body/Id']","body":"@{body('Obter_conteúdo_de_arquivo_etapa_curso')}\n<!-- COMPONENTE PARA BOTÃO DE CADA CURSO DE @{outputs('Modalidades_extendido')[outputs('Modalidade')]} -->\n                                <button type=\"button\" class=\"btn btnCurso\" data-bs-toggle=\"modal\" data-bs-target=\"#itinerario@{indexOf(string(outputs('Itinerarios')), outputs('Itinerario'))}@{item()?['ID']}Modal\" >@{item()?['Title']}</button>\n                                <!-- COMPONENTE PARA MODAL DE CADA CURSO DE @{outputs('Modalidades_extendido')[outputs('Modalidade')]} -->\n                                <div class=\"modal modal-lg fade\" id=\"itinerario@{indexOf(string(outputs('Itinerarios')), outputs('Itinerario'))}@{item()?['ID']}Modal\" tabindex=\"-1\" aria-labelledby=\"aperfeicoamentoModal\" aria-hidden=\"true\">\n                                    <div class=\"modal-dialog modal-dialog-centered\">\n                                    <div class=\"modal-content\">\n                                        <div class=\"modal-header border-0\">\n                                            <button type=\"button\" class=\"btn-close\" data-bs-dismiss=\"modal\" aria-label=\"Close\"></button>\n                                        </div>\n                                        <!-- INFOS SOBRE CURSO -->\n                                        <div class=\"modal-body border-0 my-3 p-5 d-flex flex-column flex-md-column flex-lg-row justify-content-between gap-sm-2 gap-md-2 gap-lg-0\">\n                                            <aside class=\"border-end w-100 w-md-50 w-lg-50 d-flex flex-column justify-content-center\">\n                                                <div id=\"todasInfos\" class=\"container-fluid p-0 m-0 flex-column gap-2 \">\n                                                    <ul class=\"w-100\">\n                                                        <li>\n                                                            <!-- Curso -->\n                                                            <div class=\"container-fluid p-0 m-0 informacaoCurso d-flex flex-column \">\n                                                                <h6>Curso : </h6>\n                                                                <p><span>@{item()?['Title']}</span></p>\n                                                            </div>  \n                                                        </li>\n                                                        <li>\n                                                            <!-- Carga horaria -->\n                                                            <div class=\"container-fluid p-0 m-0 informacaoCurso d-flex flex-column \">\n                                                                <h6>Carga horaria  : </h6>\n                                                                <p><span>@{item()?['CargaHoraria']}</span> h</p>\n                                                            </div> \n                                                        </li>\n                                                        <li>\n                                                            <!-- Formato -->\n                                                            <div class=\"container-fluid p-0 m-0 informacaoCurso d-flex flex-column \">\n                                                                <h6>Formato : </h6>\n                                                                <p>@{if(contains(string(item()?['Formato']), 'EAD'),'<span class=\"badge text-bg-primary\" >EAD</span>','')}@{if(contains(string(item()?['Formato']), 'Presencial'),'<span class=\"badge text-bg-primary\">Presencial</span>','')}@{if(contains(string(item()?['Formato']), 'SemiPresencial'),'<span class=\"badge text-bg-primary\">SemiPresencial</span>','')}</p>\n                                                            </div>   \n                                                        </li>\n                                                    </ul>\n                                                </div>\n                                            </aside>\n                                            <!-- SOBRE O CURSO -->\n                                            <aside class=\"p-4 w-100 w-md-50 w-lg-50 d-flex flex-column justify-content-center align-items-center\">\n                                                <p>@{item()?['Descri_x00e7__x00e3_o']}</p>\n                                            </aside>\n                                        </div>\n                                    </div>\n                                    </div>\n                                </div>"},"host":{"apiId":"/providers/Microsoft.PowerApps/apis/shared_sharepointonline","connectionName":"shared_sharepointonline","operationId":"UpdateFile"},"authentication":{"value":"@json(decodeBase64(triggerOutputs().headers['X-MS-APIM-Tokens']))['$ConnectionKey']","type":"Raw"}}}},"runAfter":{"Atualizar_arquivo_etapa_modalidade":["Succeeded"]},"type":"Foreach"},"Obter_conteúdo_de_arquivo_etapa_modalidade":{"type":"OpenApiConnection","inputs":{"parameters":{"dataset":"https://sistemafibra.sharepoint.com/sites/TecnologiadaInformao","id":"@outputs('Criar_arquivo_portfolio')?['body/Id']","inferContentType":true},"host":{"apiId":"/providers/Microsoft.PowerApps/apis/shared_sharepointonline","connectionName":"shared_sharepointonline","operationId":"GetFileContent"},"authentication":{"value":"@json(decodeBase64(triggerOutputs().headers['X-MS-APIM-Tokens']))['$ConnectionKey']","type":"Raw"}}},"Atualizar_arquivo_etapa_modalidade":{"runAfter":{"Obter_cursos_ativos":["Succeeded"]},"type":"OpenApiConnection","inputs":{"parameters":{"dataset":"https://sistemafibra.sharepoint.com/sites/TecnologiadaInformao","id":"@outputs('Criar_arquivo_portfolio')?['body/Id']","body":"@{body('Obter_conteúdo_de_arquivo_etapa_modalidade')}\n<!-- @{outputs('Modalidades_extendido')[outputs('Modalidade')]} -->\n<button type=\"button\" class=\"btn bgButtonPrimario dropBtn dropClose\" data-bs-toggle=\"collapse\" data-bs-target=\"#itinerario@{indexOf(string(outputs('Itinerarios')), outputs('Itinerario'))}@{outputs('Modalidade')}Collapse\">@{outputs('Modalidades_extendido')[outputs('Modalidade')]}</button>\n<!-- CURSOS @{outputs('Modalidades_extendido')[outputs('Modalidade')]} -->\n<div class=\"collapse border-0\" id=\"itinerario@{indexOf(string(outputs('Itinerarios')), outputs('Itinerario'))}@{outputs('Modalidade')}Collapse\">\n    <div class=\"card card-body border-0\">\n        <div class=\"container-fluid m-0 p-0 d-flex gap-3 flex-wrap\">\n@{if(empty(outputs('Obter_cursos_ativos')?['body/value']), 'Nenhum curso para mostrar no momento.', '<a hidden></a>')}\n"},"host":{"apiId":"/providers/Microsoft.PowerApps/apis/shared_sharepointonline","connectionName":"shared_sharepointonline","operationId":"UpdateFile"},"authentication":{"value":"@json(decodeBase64(triggerOutputs().headers['X-MS-APIM-Tokens']))['$ConnectionKey']","type":"Raw"}}},"Obter_cursos_ativos":{"runAfter":{"Modalidade":["Succeeded"]},"type":"OpenApiConnection","inputs":{"parameters":{"dataset":"https://sistemafibra.sharepoint.com/sites/TecnologiadaInformao","table":"0affda34-c237-4c3f-899a-979b5dc1767b","$filter":"Itinerario eq '@{outputs('Itinerario')}' and Modalidade eq '@{outputs('Modalidade')}' and Ativo eq 1"},"host":{"apiId":"/providers/Microsoft.PowerApps/apis/shared_sharepointonline","connectionName":"shared_sharepointonline","operationId":"GetItems"},"authentication":{"value":"@json(decodeBase64(triggerOutputs().headers['X-MS-APIM-Tokens']))['$ConnectionKey']","type":"Raw"}}},"Atualizar_arquivo_etapa_modalidade_2":{"runAfter":{"Obter_conteúdo_de_arquivo_etapa_modalidade_2":["Succeeded"]},"type":"OpenApiConnection","inputs":{"parameters":{"dataset":"https://sistemafibra.sharepoint.com/sites/TecnologiadaInformao","id":"@outputs('Criar_arquivo_portfolio')?['body/Id']","body":"@{body('Obter_conteúdo_de_arquivo_etapa_modalidade_2')}\n        </div>\n    </div>\n</div>"},"host":{"apiId":"/providers/Microsoft.PowerApps/apis/shared_sharepointonline","connectionName":"shared_sharepointonline","operationId":"UpdateFile"},"authentication":{"value":"@json(decodeBase64(triggerOutputs().headers['X-MS-APIM-Tokens']))['$ConnectionKey']","type":"Raw"}}},"Obter_conteúdo_de_arquivo_etapa_modalidade_2":{"runAfter":{"Aplicar_a_cada_curso":["Succeeded"]},"type":"OpenApiConnection","inputs":{"parameters":{"dataset":"https://sistemafibra.sharepoint.com/sites/TecnologiadaInformao","id":"@outputs('Criar_arquivo_portfolio')?['body/Id']","inferContentType":true},"host":{"apiId":"/providers/Microsoft.PowerApps/apis/shared_sharepointonline","connectionName":"shared_sharepointonline","operationId":"GetFileContent"},"authentication":{"value":"@json(decodeBase64(triggerOutputs().headers['X-MS-APIM-Tokens']))['$ConnectionKey']","type":"Raw"}}}},"runAfter":{"Atualizar_arquivo_etapa_itinerario":["Succeeded"]},"type":"Foreach"},"Obter_conteúdo_de_arquivo_etapa_itinerario":{"type":"OpenApiConnection","inputs":{"parameters":{"dataset":"https://sistemafibra.sharepoint.com/sites/TecnologiadaInformao","id":"@outputs('Criar_arquivo_portfolio')?['body/Id']","inferContentType":true},"host":{"apiId":"/providers/Microsoft.PowerApps/apis/shared_sharepointonline","connectionName":"shared_sharepointonline","operationId":"GetFileContent"},"authentication":{"value":"@json(decodeBase64(triggerOutputs().headers['X-MS-APIM-Tokens']))['$ConnectionKey']","type":"Raw"}}},"Atualizar_arquivo_etapa_itinerario":{"runAfter":{"Itinerario":["Succeeded"]},"type":"OpenApiConnection","inputs":{"parameters":{"dataset":"https://sistemafibra.sharepoint.com/sites/TecnologiadaInformao","id":"@outputs('Criar_arquivo_portfolio')?['body/Id']","body":"@{body('Obter_conteúdo_de_arquivo_etapa_itinerario')}\n<section class=\"container row my-3 p-0\">\n    <!-- COMPONENTE PARA CADA ÁREA -->\n    <section class=\"container-fluid p-0 m-0\">\n        <h1 class=\"textoPrimario\">@{outputs('Itinerario')}</h1>\n        <!-- OPÇÕES -->\n        <div class=\"container-fluid d-flex flex-column gap-3 m-0 my-3 p-0\">"},"host":{"apiId":"/providers/Microsoft.PowerApps/apis/shared_sharepointonline","connectionName":"shared_sharepointonline","operationId":"UpdateFile"},"authentication":{"value":"@json(decodeBase64(triggerOutputs().headers['X-MS-APIM-Tokens']))['$ConnectionKey']","type":"Raw"}}},"Obter_conteúdo_de_arquivo_etapa_itinerario_2":{"runAfter":{"Aplicar_a_cada_modalidade":["Succeeded"]},"type":"OpenApiConnection","inputs":{"parameters":{"dataset":"https://sistemafibra.sharepoint.com/sites/TecnologiadaInformao","id":"@outputs('Criar_arquivo_portfolio')?['body/Id']","inferContentType":true},"host":{"apiId":"/providers/Microsoft.PowerApps/apis/shared_sharepointonline","connectionName":"shared_sharepointonline","operationId":"GetFileContent"},"authentication":{"value":"@json(decodeBase64(triggerOutputs().headers['X-MS-APIM-Tokens']))['$ConnectionKey']","type":"Raw"}}},"Atualizar_arquivo_etapa_itinerario_2":{"runAfter":{"Obter_conteúdo_de_arquivo_etapa_itinerario_2":["Succeeded"]},"type":"OpenApiConnection","inputs":{"parameters":{"dataset":"https://sistemafibra.sharepoint.com/sites/TecnologiadaInformao","id":"@outputs('Criar_arquivo_portfolio')?['body/Id']","body":"@{body('Obter_conteúdo_de_arquivo_etapa_itinerario_2')}\n        </div>\n    </section>\n</section>"},"host":{"apiId":"/providers/Microsoft.PowerApps/apis/shared_sharepointonline","connectionName":"shared_sharepointonline","operationId":"UpdateFile"},"authentication":{"value":"@json(decodeBase64(triggerOutputs().headers['X-MS-APIM-Tokens']))['$ConnectionKey']","type":"Raw"}}}},"runAfter":{"Criar_arquivo_portfolio":["Succeeded"]},"type":"Foreach"},"Modalidades":{"runAfter":{},"type":"Compose","inputs":["APP","TEC","QUA","INI"]},"Modalidades_extendido":{"runAfter":{"Modalidades":["Succeeded"]},"type":"Compose","inputs":{"APP":"Aperfeiçoamento","TEC":"Técnico","QUA":"Qualificação","INI":"Iniciação"}},"Criar_arquivo_portfolio":{"runAfter":{"Itinerarios":["Succeeded"]},"type":"OpenApiConnection","inputs":{"parameters":{"dataset":"https://sistemafibra.sharepoint.com/sites/TecnologiadaInformao","folderPath":"/Aplicativos/Portifolio Gerado","name":"portfolio-ti.html","body":"<!DOCTYPE html>\n<html lang=\"pt-br\">\n\n<head>\n    <meta charset=\"UTF-8\">\n    <meta name=\"viewport\" content=\"width=device-width, initial-scale=1.0\">\n    <title>SENAI</title>\n    <!-- ICON -->\n    <link rel=\"shortcut icon\" href=\"https://raw.githubusercontent.com/VSRohod/Gerador-de-portifolio/refs/heads/main/assets/images/logo/thumbnail_icone.png\" type=\"image/x-icon\">\n    <!-- BOOTSTRAP -->\n    <link href=\"https://cdn.jsdelivr.net/npm/bootstrap@5.2.3/dist/css/bootstrap.min.css\" rel=\"stylesheet\"\n        integrity=\"sha384-rbsA2VBKQhggwzxH7pPCaAqO46MgnOM80zW1RWuH61DGLwZJEdK2Kadq2F9CUG65\" crossorigin=\"anonymous\">\n    <link rel=\"stylesheet\" href=\"https://cdn.jsdelivr.net/npm/bootstrap-icons@1.11.3/font/bootstrap-icons.min.css\">\n    <!-- FONTS -->\n    <link href=\"https://fonts.cdnfonts.com/css/neo-sans-pro\" rel=\"stylesheet\">\n    <link rel=\"preconnect\" href=\"https://fonts.googleapis.com\">\n    <link rel=\"preconnect\" href=\"https://fonts.gstatic.com\" crossorigin>\n    <link href=\"https://fonts.googleapis.com/css2?family=Outfit:wght@100..900&display=swap\" rel=\"stylesheet\">\n</head>\n<style>\n    /* configurações gerais */\n    * {\n        hyphens: auto;\n        text-align: start;\n    }\n\n    p{\n        text-align: left;\n    }\n\n    :root {\n        --fontePrimaria: 'Neo Sans Pro';\n        --fonteSecundaria: 'Outfit';\n        --azulEscuro: #1a4b9f;\n        --azulClaro: #59A2D9;\n        --azulPopUp: #000930 ;\n        --verdeAgua: #6CC2BA;\n        --verde: #52AE32;\n        --laranja: #E84910;\n        --rosa: #E7ACCE;\n        --light: #f8f8f8;\n        --transparente: #e5080800;\n        --brancoTransparente: #ffffff0f;\n        --pretoTransparente: rgba(0, 0, 0, 0.705);\n    }\n\n    .tituloIcon {\n        width: 2rem;\n        margin-left: 1rem;\n        margin-right: 1rem;\n    }\n\n    li::marker {\n        color: var(--laranja);\n    }\n\n    ul {\n        list-style: square;\n    }\n\n    .collapse>.card-body {\n        background-color: var(--transparente);\n    }\n\n    .badge{\n        margin: 5px;\n        font-size: 12pt ;\n    }\n\n    /* classe para a cor da fonte primaria */\n    .textoPrimario {\n        color: var(--azulEscuro);\n        font-family: var(--fonteSecundaria);\n        font-weight: bold;\n    }\n\n    .textoPrimarioBranco {\n        color: var(--light);\n        font-family: var(--fonteSecundaria);\n        font-weight: bold;\n    }\n\n    .btnCurso {\n        font-weight: bold;\n        border: 2px solid var(--azulEscuro);\n        color: var(--azulEscuro);\n        border-radius: 1rem;\n    }\n\n    .bgButtonPrimario {\n        width: 14rem;\n        background-color: var(--azulEscuro);\n        color: var(--light);\n    }\n\n    .bgButtonPrimario:hover {\n        background-color: var(--light);\n        color: var(--azulEscuro);\n        border: 1px solid var(--azulEscuro);\n    }\n\n    .btnCurso:hover {\n        background-color: var(--azulEscuro);\n        color: var(--light);\n    }\n\n    .textoBanner {\n        color: var(--light);\n    }\n\n    .informacaoCurso>h6,\n    .informacaoCurso>p {\n        color: var(--azulEscuro);\n    }\n\n    .informacaoCurso>p {\n        font-weight: bold;\n    }\n\n    .border-end {\n        border-color: var(--transparente) !important;\n    }\n\n    /* header e footer */\n\n    header {\n        font-weight: bold;\n        background: rgb(26, 75, 159);\n        background: linear-gradient(0deg, rgba(26, 75, 159, 1) 0%, rgba(17, 19, 37, 1) 100%);\n    }\n\n    #headerSpace {\n        width: 100%;\n        height: 60px;\n\n    }\n\n    #cadastrar{\n        background-image: url(https://raw.githubusercontent.com/VSRohod/Gerador-de-portifolio/refs/heads/main/assets/images/banner/Fundo.jpg);\n    }\n\n    footer {\n        font-family: var(--fontePrimariaItalico);\n    }\n\n    footer p {\n        font-size: 12px;\n    }\n\n    footer i {\n        font-size: 18px;\n    }\n\n    footer img {\n        width: 12rem;\n    }\n\n    #logo {\n        width: 16rem;\n    }\n\n    #linksAlinhamento {\n        align-items: end;\n    }\n\n    /* main */\n    main {\n        text-align: justify;\n    }\n\n    /* banner config */\n    .bannerParallax {\n        background-position: center;\n        background-size: cover;\n        background-repeat: no-repeat;\n        background-attachment: fixed;\n        justify-content: center;\n    }\n\n    .banner{\n        background-position: center;\n        background-size: cover;\n        background-repeat: no-repeat;\n    }\n\n    #banner{\n        height: 100%;\n        width: 100%;\n    }\n\n    #bannerCover{\n        color: var(--light);\n        background-image: url(https://i.ibb.co/V0W0HjD4/Fundo2.png);\n        height: 100%;\n        background-size: cover ;\n    }\n\n    #bannerCover div {\n        width: 50%;\n    }\n\n    #bannerTextoAside {\n        width: 500px;\n        padding: 2rem;\n        border-radius: 1rem;\n        background-color: var(--brancoTransparente);\n        position: relative;\n    }\n\n    .bannerEfeito {\n        background-color: var(--pretoTransparente);\n    }\n\n    #bannerInfraestrutura{\n        background-image: url(https://raw.githubusercontent.com/VSRohod/Gerador-de-portifolio/refs/heads/main/assets/images/banner/bannerLabImg.jpg);\n        height: 520px;\n        z-index: -10;\n        margin-top: -60px;\n    }\n\n    #curso {\n        margin-top: -50px;\n        background-color: var(--light);\n        border-radius: 2rem;\n    }\n\n    /* bootstrap */\n\n    .sticky-top {\n        top: -2px !important;\n    }\n\n    /* js */\n    .dropClose {\n        border-radius: 10px 10px 100px 10px;\n        transition: 0.3s;\n    }\n\n    .dropOpen {\n        border-radius: 10px 100px 10px 10px;\n        transition: 0.3s;\n\n    }\n\n    /* breakpoints */\n    @media screen and (min-width: 992px) {\n        .border-end {\n            border-color: var(--azulEscuro) !important;\n        }\n    }\n\n    @media screen and (max-width: 505px) {\n        #bannerTextoAside {\n            margin: 0px!important;\n            padding: 0px!important;\n        }\n\n        footer{\n            margin: 0px!important;\n            padding: 0px!important;\n        }\n\n        #detalhesInfraestrutura{\n            margin: 0px!important;\n            padding: 0px!important;\n        }\n    }\n\n    @media screen and (max-width: 1020px) {\n        #bannerCover{\n            height: auto;\n            flex-direction: column!important;\n            align-items: center!important;\n            justify-content: center!important;\n            background-image: none;\n        }\n\n        #bannerSobreNos{\n            width: 100%!important;\n            height: 500px!important;\n            margin: 0px!important;\n            padding: 0px!important;\n            background-image: url(https://i.ibb.co/0yNgHHv7/banner-Img.png)!important;\n            background-size: auto 100%;\n            background-repeat: no-repeat;\n        }\n\n        #bannerTexto{\n            width: 100%!important;\n            margin: 0px!important;\n            padding: 0px!important;\n        }\n\n        #bannerBg{\n            background-image: url(https://raw.githubusercontent.com/VSRohod/Gerador-de-portifolio/refs/heads/main/assets/images/banner/Fundo.jpg)!important;\n            background-position: cover;\n        }\n\n        #bannerDiv{\n            background-image: none!important;\n        }\n\n        #bannerSobreNos img{\n            width: 100%;\n        }\n\n        #bannerTexto{\n            padding-bottom: 100px;\n        }\n\n        #gradient{\n            height: auto!important;\n        }\n    }\n\n    /* parallax */\n    #bannerBg{\n        background-image: url(https://raw.githubusercontent.com/VSRohod/Gerador-de-portifolio/refs/heads/main/assets/images/parallaxBanner/IMG_Fundo.jpg);\n        height: 100%;\n    }\n\n    #bannerDiv{\n        width: 100%;\n        height: 34px;\n    }\n\n    #gradient{\n        background-image: url(https://raw.githubusercontent.com/VSRohod/Gerador-de-portifolio/refs/heads/main/assets/images/banner/Fundo.jpg)!important;\n        height: 550px;\n    }\n\n    #bannerInfraestruturaEfeito{\n        width: 100%;\n        background-image: url(https://raw.githubusercontent.com/VSRohod/Gerador-de-portifolio/refs/heads/main/assets/images/banner/efeitoInfra.png);\n        background-size: 100% auto;\n        background-position: bottom;\n    }\n\n    #bannerInfraestrutura h2{\n        margin-bottom: 100px;\n    }\n\n    #cadastrar{\n        background-image: url(https://raw.githubusercontent.com/VSRohod/Gerador-de-portifolio/refs/heads/main/assets/images/banner/gradientFooter.jpg);\n        z-index: -1;\n    }\n\n    #componentesInsfraestrutura p{\n       color: var(--azulEscuro);\n       font-weight: bold;\n        font-size: 11pt!important ;\n    }\n\n    #labsImgs{\n        width: 80%;\n        margin-bottom: 20px;\n    }\n\n    #logoInfra{\n        width: 10rem;\n    }\n\n    #qrCode .modal-content{\n        background-color: var(--azulPopUp)!important;\n    }\n\n    #detalhesInfraestrutura{\n        border-radius: 1rem!important;\n    }\n\n</style>\n\n\n<body>\n    <div id=\"headerSpace\"></div>\n    <header class=\"fixed-top\">\n        <nav class=\"navbar navbar-expand-lg sticky-top navbar-dark py-4\">\n            <div id=\"linksAlinhamento\" class=\"container\">\n                <a class=\"navbar-brand\" href=\"#\">\n                    <img id=\"logo\" src=\"https://raw.githubusercontent.com/VSRohod/Gerador-de-portifolio/refs/heads/main/assets/images/logo/logo_SENAI_negativa.png\" alt=\"\">\n                </a>\n                <button class=\"navbar-toggler\" type=\"button\" data-bs-toggle=\"collapse\"\n                    data-bs-target=\"#navbarSupportedContent\" aria-controls=\"navbarSupportedContent\"\n                    aria-expanded=\"false\" aria-label=\"Toggle navigation\">\n                    <span class=\"navbar-toggler-icon\"></span>\n                </button>\n                <div class=\"collapse navbar-collapse\" id=\"navbarSupportedContent\">\n                    <ul class=\"navbar-nav me-auto mb-2 mb-lg-0\">\n\n                    </ul>\n                    <ul class=\"navbar-nav d-flex align-items-center mb-2 mb-lg-0 gap-3 pt-4\">\n                        <li class=\"nav-item\">\n                            <a class=\"nav-link active\" href=\"#bannerSobreNos\">Quem é o SENAI</a>\n                        </li>\n                        <li class=\"nav-item\">\n                            <a class=\"nav-link active\" href=\"#curso\">Cursos e certificações</a>\n                        </li>\n                        <li class=\"nav-item\">\n                            <a class=\"nav-link active\" href=\"#bannerInfraestrutura\">Infraestrutura</a>\n                        </li>\n                    </ul>\n                </div>\n            </div>\n        </nav>\n    </header>\n\n    <main class=\"d-flex flex-column align-items-center gap-3\">\n        <!-- SEÇÃO SOBRE SENAI -->\n        <div id=\"gradient\" class=\"banner container-fluid p-0\">\n            <section id=\"bannerBg\" class=\"bannerParallax container-fluid p-0\">\n                <div id=\"banner\" class=\"container-fluid p-0\">\n                    <div id=\"bannerCover\" class=\"banner container-fluid justify-content-between align-items-between d-flex flex-column flex-md-row flex-lg-row gap-4 gap-md-4 gap-lg-0 p-0 m-0\">\n                        <!-- BANNER SESSÃO SENAI -->\n                        <div id=\"bannerSobreNos\" class=\"h-100 container-fluid p-0\">\n\n                        </div>\n\n                        <!-- TEXTO SOBRE SENAI -->\n                        <div id=\"bannerTexto\"\n                            class=\"container-fluid h-100 d-flex justify-content-center flex-column flex-md-column flex-lg-column align-items-center\">\n                            <aside>\n                                <h1>QUEM É O SENAI <img class=\"tituloIcon\" src=\"https://raw.githubusercontent.com/VSRohod/Gerador-de-portifolio/487772c36dac4f43d02b6c7b5d3caec361d1f0a0/assets/icons/code.svg\" alt=\"\"> </h1>\n                            </aside>\n                            <aside id=\"bannerTextoAside\" class=\"d-flex justify-content-center align-items-center flex-column\">\n                                <p>No SENAI, acreditamos que a educação transforma vidas e impulsiona o crescimento da indústria.\n                                    Por isso, investimos constantemente em infraestrutura, tecnologia e metodologias de ensino\n                                    inovadoras, garantindo um aprendizado de qualidade e alinhado às tendências do setor produtivo.\n                                </p>\n                                <p>Junte-se a nós e faça parte dessa revolução no conhecimento e na tecnologia!</p>\n                            </aside>\n                        </div>\n                    </div>\n                </div>\n                <div id=\"bannerDiv\" class=\"banner\"></div>\n            </section>\n        </div>\n\n        <!-- SEÇÃO SOBRE CURSO -->\n        <section id=\"curso\" class=\"container-fluid d-flex flex-column align-items-center justify-content-center p-0\">\n            <!-- BANNER CURSOS -->\n            <div class=\"container d-flex align-items-center p-0 py-5\">\n                <h1 class=\"textoPrimario\">CURSOS E CERTIFICAÇÕES</h1>\n            </div>"},"host":{"apiId":"/providers/Microsoft.PowerApps/apis/shared_sharepointonline","connectionName":"shared_sharepointonline","operationId":"CreateFile"},"authentication":{"value":"@json(decodeBase64(triggerOutputs().headers['X-MS-APIM-Tokens']))['$ConnectionKey']","type":"Raw"}},"runtimeConfiguration":{"contentTransfer":{"transferMode":"Chunked"}}},"Obter_conteúdo_de_arquivo_etapa_final":{"runAfter":{"Aplicar_a_cada_itinerario":["Succeeded"]},"type":"OpenApiConnection","inputs":{"parameters":{"dataset":"https://sistemafibra.sharepoint.com/sites/TecnologiadaInformao","id":"@outputs('Criar_arquivo_portfolio')?['body/Id']","inferContentType":true},"host":{"apiId":"/providers/Microsoft.PowerApps/apis/shared_sharepointonline","connectionName":"shared_sharepointonline","operationId":"GetFileContent"},"authentication":{"value":"@json(decodeBase64(triggerOutputs().headers['X-MS-APIM-Tokens']))['$ConnectionKey']","type":"Raw"}}},"Atualizar_arquivo_etapa_final":{"runAfter":{"Obter_conteúdo_de_arquivo_etapa_final":["Succeeded"]},"type":"OpenApiConnection","inputs":{"parameters":{"dataset":"https://sistemafibra.sharepoint.com/sites/TecnologiadaInformao","id":"@outputs('Criar_arquivo_portfolio')?['body/Id']","body":"@{body('Obter_conteúdo_de_arquivo_etapa_final')}\n</section>\n\n<!-- SEÇÃO SOBRE INSFRAESTRUTURA -->\n         <!-- BANNER INSFRAESTRUTURA -->\n        <div id=\"bannerInfraestrutura\" class=\"banner container-fluid p-0\">\n            <div id=\"bannerInfraestruturaEfeito\" class=\"banner h-100 container-fluid d-flex align-items-end justify-content-start mb-5 p-0\">\n                <h2 class=\"textoPrimarioBranco mx-5\">LABORATÓRIOS <img class=\"tituloIcon\" src=\"https://raw.githubusercontent.com/VSRohod/Gerador-de-portifolio/487772c36dac4f43d02b6c7b5d3caec361d1f0a0/assets/icons/pc.svg\" alt=\"\"></h2>\n            </div>\n        </div>\n        \n    </main>\n\n    <section id=\"detalhesInfraestrutura\" class=\"container-fluid d-flex flex-column align-items-center justify-content-center p-5 my-3\">\n        <div class=\"container-fluids p-0\">\n            <section id=\"componentesInsfraestrutura\"\n                class=\"container-fluid p-0 gap-3 d-flex flex-column align-items-center justify-content-center\">\n                <img id=\"labsImgs\" src=\"https://raw.githubusercontent.com/VSRohod/Gerador-de-portifolio/refs/heads/main/assets/images/fotos/labs.png\" alt=\"\">\n                <p>O SENAI Taguatinga conta com uma infraestrutura de ponta, composta por diversos\n                    laboratórios especializados e bem estruturados, que atendem às necessidades de\n                    formação prática dos alunos. Cada espaço é projetado para fornecer um ambiente\n                    de aprendizado dinâmico, com tecnologias avançadas que simulam as condições\n                    reais de trabalho nas mais variadas áreas da indústria.</p>\n                <img id=\"logoInfra\" src=\"https://raw.githubusercontent.com/VSRohod/Gerador-de-portifolio/refs/heads/main/assets/images/logo/thumbnail_SENAI_sem_assinatura_cor.png\" alt=\"\">\n            </section>\n        </div>\n    </section>\n\n    <section id=\"cadastrar\" class=\"container-fluid banner p-0\">\n        <div class=\"container-fluid p-0 m-0 py-5 d-flex justify-content-center align-items-center flex-column gap-4\">\n            <h1 class=\"textoPrimarioBranco mt-5\">PRONTO PARA DAR O PRÓXIMO PASSO?</h1>\n            <p class=\"textoPrimarioBranco\">\n                Cadastra-se para ser o primeiro a saber sobre as novas turmas e oportunidades que vêm por aí.\n            </p>\n\n            <!-- BOTÃO PARA TELA DO QR CODE -->\n            <button type=\"button\" class=\"btn btn-light my-3\" data-bs-toggle=\"modal\" data-bs-target=\"#qrCode\">\n                <h5 class=\"m-0 p-0\">CADASTRE-SE</h5>\n            </button>\n\n             <!-- COMPONENTE PARA MODAL DO QR -->\n             <div class=\"modal modal-lg fade\" id=\"qrCode\" tabindex=\"-1\"\n             aria-labelledby=\"qrCode\" aria-hidden=\"true\">\n             <div class=\"modal-dialog modal-dialog-centered\">\n                 <div class=\"modal-content\">\n                     <!-- INFOS SOBRE QR -->\n                     <div class=\"modal-body border-0 d-flex justify-content-center flex-column align-items-center\">\n                       <img src=\"https://raw.githubusercontent.com/VSRohod/Gerador-de-portifolio/refs/heads/main/assets/images/qr/cadastro.png\" alt=\"\">\n                       <a href=\"https://docs.google.com/forms/d/e/1FAIpQLScrJKuFiUMflVjvr4aOpK9Ep_ud5ELchoNBbO-kY3HTWT8KUA/viewform\" target=\"_blank\">\n                            <button type=\"button\" class=\"btn btn-light my-3\">\n                                <h5 class=\"m-0 p-0\">LINK</h5>\n                            </button>\n                        </a>\n                     </div>\n                 </div>\n             </div>\n         </div>\n        </div>\n        <footer class=\"container-fluid text-light d-flex justify-content-around align-items-center gap-3 p-3\">\n            <div class=\"d-flex gap-5 flex-column flex-md-column flex-lg-row \">\n                <div class=\"d-flex gap-3 100-h align-items-center\">\n                    <i class=\"bi bi-telephone-fill\"></i>\n                    <p class=\"m-0 p-0\">Sac Sistema Fibra (61) 4042 6565</p>\n                </div>\n                <div class=\"d-flex gap-3 100-h align-items-center\">\n                    <i class=\"bi bi-clock-fill\"></i>\n                    <span>\n                        <p class=\"m-0 p-0\">Horário de Atendimento: </p>\n                        <p class=\"m-0 p-0\">De segunda a Sexta-feira / das 8h às 18h </p>\n                    </span>\n                </div>\n                <div class=\"d-flex gap-3 100-h align-items-center\">\n                    <i class=\"bi bi-geo-alt-fill\"></i>\n                    <span>\n                        <p class=\"m-0 p-0\">Brasília - DF - CEP:71200-030</p>\n                        <p class=\"m-0 p-0\">SIA Trecho 3, lote 225 Ed.Sede Senai</p>\n                    </span>\n                </div>\n            </div>\n        </footer>\n    </section>\n\n    \n    <script src=\"https://cdn.jsdelivr.net/npm/bootstrap@5.2.3/dist/js/bootstrap.bundle.min.js\"\n        integrity=\"sha384-kenU1KFdBIe4zVF0s0G1M5b4hcpxyD9F7jL+jjXkk+Q2h455rYXK/7HAuoJl+0I4\"\n        crossorigin=\"anonymous\"></script>\n    <script src=\"https://code.jquery.com/jquery-3.7.1.min.js\"></script>\n    <script>\n        $('.dropBtn').on('click', function () {\n            if ($(this).hasClass('dropClose')) {\n                $(this).toggleClass('dropOpen', 'dropClose');\n\n            } else {\n                $(this).toggleClass('dropClose', 'dropOpen');\n\n            }\n\n        });\n    </script>\n</body>\n\n</html>"},"host":{"apiId":"/providers/Microsoft.PowerApps/apis/shared_sharepointonline","connectionName":"shared_sharepointonline","operationId":"UpdateFile"},"authentication":{"value":"@json(decodeBase64(triggerOutputs().headers['X-MS-APIM-Tokens']))['$ConnectionKey']","type":"Raw"}}}},"outputs":{},"description":"Layout e design produzido por Rihan Palhares\n\nDesenvolvimento front-end produzido por Victor Rohod\n\nAutomação produzida por Kauã Fellipe"},"connectionReferences":{"shared_sharepointonline":{"connectionName":"27b11eec7ec0454f8e20f4e47a241e96","source":"Invoker","id":"/providers/Microsoft.PowerApps/apis/shared_sharepointonline","tier":"NotSpecified","apiName":"sharepointonline"}},"flowFailureAlertSubscribed":false,"isManaged":false}}